n,group_size,k,avg_comparisons,avg_swaps,avg_time_sec
1000,3,15,7551.466666666666,4315.733333333334,0.0028341929117838543
1000,3,20,7527.066666666667,4285.666666666667,0.002886033058166504
1000,3,30,7607.3,4333.533333333334,0.0024358113606770832
2000,3,15,15601.8,8879.9,0.005475982030232748
2000,3,20,15677.566666666668,8907.266666666666,0.005199344952901205
2000,3,30,15698.1,8902.833333333334,0.0044876019159952795
3000,3,15,23773.5,13470.633333333333,0.008682854970296224
3000,3,20,24041.266666666666,13645.033333333333,0.007261212666829427
3000,3,30,23932.133333333335,13586.166666666666,0.0076449950536092125
4000,3,15,32051.333333333332,18146.533333333333,0.010353541374206543
4000,3,20,32173.833333333332,18203.5,0.011429317792256673
4000,3,30,32344.966666666667,18300.9,0.011292783419291179
5000,3,15,40498.8,22913.033333333333,0.01433720588684082
5000,3,20,40549.9,22956.1,0.013007283210754395
5000,3,30,40241.666666666664,22782.133333333335,0.013357973098754883
6000,3,15,49134.9,27769.366666666665,0.016878199577331544
6000,3,20,48243.6,27257.633333333335,0.01669020652770996
6000,3,30,49020.03333333333,27696.866666666665,0.01680469512939453
7000,3,15,57302.2,32344.133333333335,0.02038122812906901
7000,3,20,56919.4,32159.233333333334,0.020959115028381346
7000,3,30,57375.86666666667,32420.666666666668,0.02017048199971517
8000,3,15,65167.3,36793.433333333334,0.022520701090494793
8000,3,20,65217.333333333336,36826.76666666667,0.02259526252746582
8000,3,30,66081.83333333333,37354.933333333334,0.02273395856221517
9000,3,15,74037.6,41795.2,0.025401194890340168
9000,3,20,74372.33333333333,41963.76666666667,0.026572632789611816
9000,3,30,73682.83333333333,41615.63333333333,0.02628479798634847
10000,3,15,82290.06666666667,46412.63333333333,0.0273331085840861
10000,3,20,82551.23333333334,46556.5,0.028332901000976563
10000,3,30,81929.63333333333,46231.3,0.026850350697835288
11000,3,15,89669.4,50598.4,0.031139294306437176
11000,3,20,90588.0,51063.3,0.03168262640635173
11000,3,30,91079.86666666667,51347.96666666667,0.03241824309031169
12000,3,15,99296.1,56068.6,0.033194780349731445
12000,3,20,99769.8,56267.9,0.03348403771718343
12000,3,30,99186.7,55897.1,0.033756192525227866
13000,3,15,106976.03333333334,60303.13333333333,0.037358792622884114
13000,3,20,107501.96666666666,60650.833333333336,0.03733132680257161
13000,3,30,107450.26666666666,60577.46666666667,0.0369762659072876
14000,3,15,116316.06666666667,65565.2,0.03860897223154704
14000,3,20,117079.46666666666,66030.4,0.039879433314005536
14000,3,30,116352.26666666666,65566.93333333333,0.04182155132293701
15000,3,15,124445.76666666666,70200.6,0.04241514205932617
15000,3,20,125464.53333333334,70702.33333333333,0.04344221750895182
15000,3,30,124198.63333333333,70014.0,0.04133888880411784
16000,3,15,132954.2,74823.86666666667,0.04565142790476481
16000,3,20,132082.86666666667,74428.3,0.04341457684834798
16000,3,30,134320.66666666666,75767.56666666667,0.04698650042215983
17000,3,15,141773.16666666666,79929.53333333334,0.04830860296885173
17000,3,20,140697.66666666666,79302.86666666667,0.05024043718973795
17000,3,30,141604.56666666668,79857.93333333333,0.04896810054779053
18000,3,15,150629.13333333333,84898.36666666667,0.05156631469726562
18000,3,20,149995.76666666666,84561.06666666667,0.051863638559977214
18000,3,30,150121.43333333332,84559.86666666667,0.04968833128611247
19000,3,15,157756.43333333332,88737.1,0.05665019353230794
19000,3,20,159970.56666666668,90043.3,0.05522972742716471
19000,3,30,159093.6,89555.33333333333,0.05520107746124268
20000,3,15,168030.33333333334,94672.46666666666,0.05823423067728679
20000,3,20,167968.36666666667,94530.23333333334,0.05856007734934489
20000,3,30,168020.8,94578.33333333333,0.05752236048380534
21000,3,15,175968.53333333333,99132.83333333333,0.060951852798461915
21000,3,20,175502.16666666666,98998.93333333333,0.05840656757354736
21000,3,30,175900.36666666667,99099.2,0.0579493522644043
22000,3,15,184945.43333333332,104265.56666666667,0.06408255100250244
22000,3,20,183585.03333333333,103372.6,0.06220412254333496
22000,3,30,183971.96666666667,103592.73333333334,0.06329878171284993
23000,3,15,193573.0,109000.7,0.0666411320368449
23000,3,20,193158.0,108811.63333333333,0.06659800211588542
23000,3,30,192917.5,108512.8,0.06652444998423258
24000,3,15,201961.06666666668,113695.9,0.0698252280553182
24000,3,20,202094.2,113867.2,0.06737057367960612
24000,3,30,201358.23333333334,113427.16666666667,0.06827724774678548
25000,3,15,210740.0,118575.6,0.07095045248667399
25000,3,20,210663.66666666666,118495.4,0.0730846087137858
25000,3,30,209431.93333333332,117863.06666666667,0.07106643517812093
26000,3,15,218627.83333333334,123079.66666666667,0.0722204049428304
26000,3,20,219342.7,123489.23333333334,0.07264352639516194
26000,3,30,218470.23333333334,123065.46666666666,0.07546796798706054
27000,3,15,227870.9,128205.53333333334,0.07932132879892985
27000,3,20,227013.86666666667,127815.86666666667,0.08156660397847494
27000,3,30,227646.96666666667,128157.33333333333,0.07859365145365398
28000,3,15,236806.26666666666,133444.46666666667,0.0799750804901123
28000,3,20,236564.83333333334,133275.6,0.08100154399871826
28000,3,30,236661.7,133352.9,0.07891414960225424
29000,3,15,243062.1,136914.36666666667,0.08649783929189046
29000,3,20,244914.8,137957.06666666668,0.08616782029469808
29000,3,30,243928.4,137360.53333333333,0.08125391801198324
30000,3,15,253184.53333333333,142560.86666666667,0.08894156614939372
30000,3,20,253240.06666666668,142574.46666666667,0.08722510337829589
30000,3,30,252239.03333333333,141995.43333333332,0.08581811587015788
31000,3,15,261297.9,147151.8,0.09094853401184082
31000,3,20,260645.73333333334,146676.8,0.09202130635579427
31000,3,30,262212.4666666667,147618.5,0.09105173746744792
32000,3,15,270541.06666666665,152169.13333333333,0.0923882007598877
32000,3,20,271623.93333333335,153015.43333333332,0.09258254369099934
32000,3,30,270332.93333333335,152126.73333333334,0.09037744998931885
33000,3,15,279420.63333333336,157359.63333333333,0.09816951751708984
33000,3,20,279244.13333333336,157072.36666666667,0.09501558939615885
33000,3,30,279522.73333333334,157403.7,0.09217143853505452
34000,3,15,287821.26666666666,161994.46666666667,0.0981943686803182
34000,3,20,287219.3333333333,161470.63333333333,0.09667684237162272
34000,3,30,288292.3333333333,162526.86666666667,0.09936978816986083
35000,3,15,295818.3333333333,166533.93333333332,0.10232345263163249
35000,3,20,296252.5,166567.0,0.10051461060841878
35000,3,30,296395.36666666664,166806.26666666666,0.1019206682840983
36000,3,15,304640.06666666665,171279.1,0.1034808079401652
36000,3,20,304574.43333333335,171454.13333333333,0.10422967274983724
36000,3,30,304070.8333333333,171023.5,0.10452433427174886
37000,3,15,313211.8333333333,176282.76666666666,0.1067195177078247
37000,3,20,312748.8333333333,175949.96666666667,0.10595777829488119
37000,3,30,312257.0,175687.4,0.10600113868713379
38000,3,15,321637.73333333334,180988.3,0.10959171454111735
38000,3,20,320186.93333333335,180051.93333333332,0.1092680295308431
38000,3,30,321520.5,180963.76666666666,0.10885390440622965
39000,3,15,329129.8,185037.23333333334,0.11406825383504232
39000,3,20,330858.8333333333,186094.16666666666,0.113404647509257
39000,3,30,330321.76666666666,185754.03333333333,0.1143713394800822
40000,3,15,339890.5,191141.43333333332,0.11924199263254802
40000,3,20,337540.13333333336,189821.16666666666,0.11357299486796062
40000,3,30,340353.73333333334,191553.36666666667,0.11235888799031575
41000,3,15,347663.26666666666,195413.06666666668,0.12170852025349935
41000,3,20,348011.2,195652.66666666666,0.12112050851186117
41000,3,30,348397.6666666667,195900.9,0.11693427562713624
42000,3,15,354958.86666666664,199791.26666666666,0.12042521635691325
42000,3,20,355275.9666666667,199751.8,0.11980607509613037
42000,3,30,355233.36666666664,199636.13333333333,0.11902282238006592
43000,3,15,362670.9,204041.16666666666,0.130097500483195
43000,3,20,364100.56666666665,204707.63333333333,0.12755412260691326
43000,3,30,363611.56666666665,204461.93333333332,0.12460562388102213
44000,3,15,374089.8,210370.36666666667,0.13149607181549072
44000,3,20,374262.0333333333,210658.3,0.12953823407491047
44000,3,30,374010.86666666664,210397.26666666666,0.12885432243347167
45000,3,15,380119.0333333333,213709.76666666666,0.1340272823969523
45000,3,20,381387.8333333333,214506.2,0.12852272987365723
45000,3,30,382952.6666666667,215301.66666666666,0.13177501360575358
46000,3,15,391026.3,219699.56666666668,0.13252522945404052
46000,3,20,390895.23333333334,219858.63333333333,0.13252904415130615
46000,3,30,386261.8333333333,217243.43333333332,0.1334325710932414
47000,3,15,399683.3333333333,224657.46666666667,0.14172863165537516
47000,3,20,400137.3,224754.96666666667,0.14196248054504396
47000,3,30,399565.8,224845.6,0.13646491368611655
48000,3,15,409066.1,230147.73333333334,0.14136676788330077
48000,3,20,408281.63333333336,229795.36666666667,0.13974183400472004
48000,3,30,403931.43333333335,227015.66666666666,0.14062405427296956
49000,3,15,414455.3,233037.7,0.1432263135910034
49000,3,20,417129.9666666667,234672.03333333333,0.14422636826833088
49000,3,30,416793.13333333336,234293.7,0.1450292428334554
50000,3,15,425868.1666666667,239553.4,0.14753541946411133
50000,3,20,424566.23333333334,238884.93333333332,0.14557831287384032
50000,3,30,422457.8,237490.8,0.14656156698862713
1000,5,15,7267.066666666667,4240.533333333334,0.0027467091878255207
1000,5,20,7205.333333333333,4190.666666666667,0.0024414698282877604
1000,5,30,7301.833333333333,4256.333333333333,0.0026579697926839194
2000,5,15,14928.4,8634.633333333333,0.004774800936381022
2000,5,20,14773.8,8581.4,0.00503545602162679
2000,5,30,14952.0,8665.866666666667,0.004519112904866536
3000,5,15,22766.2,13172.3,0.007163794835408529
3000,5,20,22913.833333333332,13259.3,0.0067858139673868815
3000,5,30,22762.433333333334,13186.333333333334,0.008334477742513021
4000,5,15,30659.9,17730.833333333332,0.00920561154683431
4000,5,20,30735.0,17764.7,0.009880995750427246
4000,5,30,30646.233333333334,17682.933333333334,0.010459113121032714
5000,5,15,38560.86666666667,22273.266666666666,0.013110335667928059
5000,5,20,38609.933333333334,22296.1,0.01306914488474528
5000,5,30,38426.7,22174.833333333332,0.011255915959676106
6000,5,15,46176.73333333333,26673.6,0.015623188018798828
6000,5,20,46456.1,26790.466666666667,0.016248456637064614
6000,5,30,46230.833333333336,26626.833333333332,0.014177672068277995
7000,5,15,54343.2,31380.366666666665,0.017212398846944175
7000,5,20,54482.63333333333,31435.533333333333,0.017406797409057616
7000,5,30,54779.86666666667,31593.9,0.017432689666748047
8000,5,15,62395.4,35991.7,0.019645094871520996
8000,5,20,62153.46666666667,35814.4,0.020536049207051595
8000,5,30,62373.73333333333,35952.8,0.02052475611368815
9000,5,15,70471.36666666667,40619.26666666667,0.023377037048339842
9000,5,20,70952.93333333333,40904.9,0.023330529530843098
9000,5,30,70665.33333333333,40728.3,0.023729753494262696
10000,5,15,78282.06666666667,45088.46666666667,0.026569787661234537
10000,5,20,78336.53333333334,45122.2,0.02613102595011393
10000,5,30,78574.43333333333,45289.333333333336,0.026907809575398765
11000,5,15,86045.3,49518.6,0.029102587699890138
11000,5,20,86495.23333333334,49812.8,0.029576595624287924
11000,5,30,86708.03333333334,50006.433333333334,0.028717629114786782
12000,5,15,94856.43333333333,54659.8,0.0317800760269165
12000,5,20,94666.23333333334,54512.23333333333,0.030865478515625
12000,5,30,94560.46666666666,54470.833333333336,0.031661462783813474
13000,5,15,102516.9,59047.96666666667,0.03285847504933675
13000,5,20,102810.33333333333,59148.63333333333,0.033011547724405926
13000,5,30,102541.76666666666,59044.4,0.03316497802734375
14000,5,15,110768.46666666666,63780.46666666667,0.03593712647755941
14000,5,20,109291.3,62866.8,0.036907895406087236
14000,5,30,110163.83333333333,63359.0,0.035448861122131345
15000,5,15,118871.1,68400.86666666667,0.039298025767008464
15000,5,20,118131.5,67991.26666666666,0.03880491256713867
15000,5,30,118344.76666666666,68079.26666666666,0.03852771917978923
16000,5,15,126763.63333333333,72871.06666666667,0.041889770825703936
16000,5,20,127004.1,72967.46666666666,0.04000900586446126
16000,5,30,127065.63333333333,73083.33333333333,0.040096195538838704
17000,5,15,135202.86666666667,77751.06666666667,0.04427553017934163
17000,5,20,133649.66666666666,76846.5,0.044258522987365725
17000,5,30,134745.0,77483.76666666666,0.043349075317382815
18000,5,15,142628.13333333333,82090.2,0.04703049659729004
18000,5,20,143394.6,82509.2,0.04680482546488444
18000,5,30,142660.13333333333,82127.93333333333,0.046322139104207356
19000,5,15,150811.6,86766.3,0.048165567715962726
19000,5,20,150997.3,86787.26666666666,0.05026071071624756
19000,5,30,150901.73333333334,86799.4,0.049439311027526855
20000,5,15,159310.73333333334,91591.76666666666,0.051655332247416176
20000,5,20,158931.66666666666,91329.43333333333,0.05249683062235514
20000,5,30,158260.5,90910.93333333333,0.051198291778564456
21000,5,15,166703.06666666668,95727.66666666667,0.052890745798746745
21000,5,20,166915.83333333334,96004.33333333333,0.05749252637227376
21000,5,30,167781.0,96447.96666666666,0.05526869297027588
22000,5,15,175149.43333333332,100673.8,0.05833872159322103
22000,5,20,175677.5,101050.56666666667,0.05741564432779948
22000,5,30,175640.53333333333,100964.2,0.05733943780263265
23000,5,15,183275.73333333334,105367.0,0.05923678080240886
23000,5,20,183465.0,105445.13333333333,0.06038146018981934
23000,5,30,184280.7,105882.46666666666,0.05776529312133789
24000,5,15,191317.26666666666,109969.6,0.06268211205800374
24000,5,20,191444.3,110018.33333333333,0.06197308699289958
24000,5,30,191415.06666666668,110079.46666666666,0.06362079779307048
25000,5,15,200099.73333333334,115009.8,0.06967633565266927
25000,5,20,200041.9,114852.16666666667,0.0636234442392985
25000,5,30,200164.86666666667,115046.5,0.06506712436676025
26000,5,15,207888.9,119596.93333333333,0.06784768104553222
26000,5,20,207378.9,119158.43333333333,0.06766645113627116
26000,5,30,207474.26666666666,119142.1,0.06980449358622233
27000,5,15,215404.96666666667,123724.06666666667,0.07060692310333253
27000,5,20,215324.73333333334,123729.23333333334,0.06856234073638916
27000,5,30,215542.73333333334,123854.4,0.07002151012420654
28000,5,15,224345.4,128946.4,0.07530490557352702
28000,5,20,224028.6,128712.03333333334,0.07503543694814047
28000,5,30,224197.33333333334,128700.7,0.07392386595408122
29000,5,15,231273.3,132859.23333333334,0.07601261933644612
29000,5,20,230581.76666666666,132467.63333333333,0.07566516399383545
29000,5,30,231923.5,133143.1,0.0776279369990031
30000,5,15,239643.73333333334,137643.03333333333,0.07956111431121826
30000,5,20,239328.9,137497.56666666668,0.07724035580952962
30000,5,30,239749.33333333334,137709.33333333334,0.07845863501230875
31000,5,15,247427.93333333332,142139.73333333334,0.0820733388264974
31000,5,20,247468.16666666666,142182.13333333333,0.08126266002655029
31000,5,30,248920.73333333334,142884.73333333334,0.0805128574371338
32000,5,15,257370.53333333333,147779.6,0.08413322766621907
32000,5,20,256459.7,147431.53333333333,0.0853118658065796
32000,5,30,256699.06666666668,147267.6,0.08414100805918376
33000,5,15,264461.6666666667,151841.56666666668,0.08587311108907064
33000,5,20,265737.0,152688.23333333334,0.08701205253601074
33000,5,30,264789.5,152170.3,0.08659673531850179
34000,5,15,274069.23333333334,157425.8,0.09158106644948323
34000,5,20,272597.06666666665,156566.1,0.08942635854085286
34000,5,30,270458.6,155282.03333333333,0.08943378925323486
35000,5,15,279736.93333333335,160737.8,0.09158555666605632
35000,5,20,281733.23333333334,161850.46666666667,0.09335385163625082
35000,5,30,280723.9,161260.23333333334,0.09278826713562012
36000,5,15,287163.86666666664,164951.63333333333,0.09405407110850016
36000,5,20,289570.1,166206.86666666667,0.09709695974985759
36000,5,30,289307.3333333333,166085.56666666668,0.09708151817321778
37000,5,15,296052.6666666667,170060.3,0.09707512855529785
37000,5,20,295417.73333333334,169703.13333333333,0.09621531963348388
37000,5,30,298464.6,171406.03333333333,0.09910106658935547
38000,5,15,303604.26666666666,174312.7,0.09945950508117676
38000,5,20,305701.43333333335,175515.03333333333,0.10038132667541504
38000,5,30,304521.8,174872.5,0.10004457632700602
39000,5,15,314097.9,180365.5,0.10492945512135823
39000,5,20,314128.8,180363.23333333334,0.10452260176340739
39000,5,30,313557.36666666664,179978.9,0.10385222434997558
40000,5,15,320027.63333333336,183851.8,0.10565343697865805
40000,5,20,321250.8,184357.5,0.1077672561009725
40000,5,30,322620.2,185255.73333333334,0.10608204205830891
41000,5,15,330500.06666666665,189784.63333333333,0.10857884883880616
41000,5,20,328687.86666666664,188783.0,0.10815059343973796
41000,5,30,330070.1,189492.8,0.1085512638092041
42000,5,15,338474.63333333336,194270.83333333334,0.11398115158081054
42000,5,20,336117.36666666664,192904.56666666668,0.11009574731190999
42000,5,30,336827.06666666665,193205.93333333332,0.11134243806203206
43000,5,15,345154.5,198182.3,0.11362797419230143
43000,5,20,345436.8,198085.56666666668,0.11013718446095784
43000,5,30,346263.0,198725.06666666668,0.11393333276112874
44000,5,15,355211.5,203794.56666666668,0.1195424477259318
44000,5,20,355287.1666666667,204180.23333333334,0.11593148708343506
44000,5,30,355644.06666666665,204306.73333333334,0.115606156984965
45000,5,15,363229.26666666666,208421.76666666666,0.12016026178995769
45000,5,20,362786.76666666666,208264.13333333333,0.12009760538736979
45000,5,30,362349.8,208106.43333333332,0.12202183405558269
46000,5,15,371399.0,213154.93333333332,0.12095873355865479
46000,5,20,370863.0,212687.93333333332,0.12414188385009765
46000,5,30,369943.93333333335,212422.73333333334,0.12320312658945719
47000,5,15,378969.6666666667,217530.7,0.12805171807607016
47000,5,20,377864.1666666667,216748.13333333333,0.12584893703460692
47000,5,30,379540.26666666666,217977.96666666667,0.12678194840749105
48000,5,15,386732.3333333333,221879.4,0.12769885063171388
48000,5,20,387949.56666666665,222716.66666666666,0.12903708616892498
48000,5,30,386676.1,221932.33333333334,0.12811671098073324
49000,5,15,393694.8,226017.1,0.13161303997039794
49000,5,20,395247.23333333334,226926.7,0.12863532702128092
49000,5,30,395735.6666666667,227191.9,0.13223762512207032
50000,5,15,402957.6666666667,231294.66666666666,0.13344802061716715
50000,5,20,403051.06666666665,231185.83333333334,0.1347683032353719
50000,5,30,401032.5,230178.0,0.13046812216440837
1000,7,15,7348.966666666666,4414.133333333333,0.0021532058715820314
1000,7,20,7424.6,4465.333333333333,0.002453780174255371
1000,7,30,7346.933333333333,4417.333333333333,0.0023544947306315105
2000,7,15,15218.333333333334,9105.066666666668,0.004558690388997396
2000,7,20,15335.1,9183.133333333333,0.0046441078186035155
2000,7,30,15190.8,9078.366666666667,0.0045425812403361
3000,7,15,23236.833333333332,13872.066666666668,0.007086634635925293
3000,7,20,23061.333333333332,13769.433333333332,0.006895303726196289
3000,7,30,23276.566666666666,13871.833333333334,0.007956894238789876
4000,7,15,31317.666666666668,18637.766666666666,0.010456124941507975
4000,7,20,30992.033333333333,18445.8,0.009807554880777995
4000,7,30,31190.766666666666,18553.966666666667,0.00935206413269043
5000,7,15,39164.3,23307.133333333335,0.012125563621520997
5000,7,20,38990.7,23198.666666666668,0.011797761917114258
5000,7,30,39151.0,23301.033333333333,0.011714696884155273
6000,7,15,47426.333333333336,28193.766666666666,0.015450048446655273
6000,7,20,47302.6,28141.5,0.014243380228678385
6000,7,30,47334.566666666666,28119.666666666668,0.015341822306315105
7000,7,15,55362.73333333333,32906.5,0.018164483706156413
7000,7,20,55515.0,32968.666666666664,0.017229962348937988
7000,7,30,54978.63333333333,32642.6,0.017018508911132813
8000,7,15,63159.7,37477.8,0.019653662045796712
8000,7,20,63365.63333333333,37600.433333333334,0.020229276021321616
8000,7,30,63559.933333333334,37733.333333333336,0.020083856582641602
9000,7,15,71194.1,42235.23333333333,0.023014171918233236
9000,7,20,71660.9,42514.26666666667,0.023100646336873372
9000,7,30,71829.3,42643.066666666666,0.02268055280049642
10000,7,15,79295.33333333333,47073.433333333334,0.024361077944437662
10000,7,20,79410.4,47125.2,0.026288962364196776
10000,7,30,79839.0,47362.7,0.024504717191060385
11000,7,15,88002.4,52217.1,0.028076839447021485
11000,7,20,88283.36666666667,52399.833333333336,0.029826760292053223
11000,7,30,87082.63333333333,51661.76666666667,0.02761367956797282
12000,7,15,95840.66666666667,56854.8,0.030695279439290363
12000,7,20,95378.93333333333,56556.96666666667,0.031041733423868813
12000,7,30,95819.46666666666,56758.86666666667,0.030592958132425945
13000,7,15,104170.43333333333,61727.4,0.03300443490346273
13000,7,20,104043.06666666667,61690.7,0.032295727729797365
13000,7,30,103930.5,61625.433333333334,0.031343507766723636
14000,7,15,112137.63333333333,66506.96666666666,0.03525913556416829
14000,7,20,112350.86666666667,66571.96666666666,0.03674134413401286
14000,7,30,112089.36666666667,66443.26666666666,0.03626453876495361
15000,7,15,119189.73333333334,70690.23333333334,0.03717190424601237
15000,7,20,119951.9,71134.73333333334,0.03745816548665364
15000,7,30,120705.6,71514.73333333334,0.038801964124043783
16000,7,15,128454.2,76065.2,0.040501602490743
16000,7,20,128526.66666666667,76147.23333333334,0.04402656555175781
16000,7,30,129072.16666666667,76476.9,0.04105164210001628
17000,7,15,136271.06666666668,80691.1,0.043486587206522626
17000,7,20,136069.7,80643.8,0.04328420162200928
17000,7,30,136818.3,81087.86666666667,0.04362490177154541
18000,7,15,144692.46666666667,85713.6,0.04730857213338216
18000,7,20,144891.13333333333,85838.53333333334,0.0465784231821696
18000,7,30,145061.93333333332,85900.33333333333,0.047101593017578124
19000,7,15,152815.83333333334,90487.13333333333,0.04814318021138509
19000,7,20,152218.1,90112.6,0.048987690607706705
19000,7,30,153608.6,91034.4,0.052003002166748045
20000,7,15,161399.23333333334,95540.76666666666,0.05223131974538167
20000,7,20,161022.96666666667,95377.16666666667,0.05080644289652506
20000,7,30,161271.06666666668,95528.1,0.05158096154530843
21000,7,15,169614.23333333334,100500.93333333333,0.05471261342366537
21000,7,20,169112.83333333334,100161.03333333334,0.054799739519755045
21000,7,30,169748.16666666666,100496.36666666667,0.05790543556213379
22000,7,15,177456.76666666666,104989.66666666667,0.05788420041402181
22000,7,20,177348.73333333334,104977.13333333333,0.05774231751759847
22000,7,30,177364.73333333334,105001.16666666667,0.05807145436604818
23000,7,15,186126.16666666666,110182.33333333333,0.059769304593404134
23000,7,20,186743.06666666668,110653.66666666667,0.06012877623240153
23000,7,30,184864.4,109500.0,0.06011257171630859
24000,7,15,193161.23333333334,114399.96666666666,0.06151854991912842
24000,7,20,193874.8,114742.03333333334,0.060243415832519534
24000,7,30,193780.13333333333,114678.13333333333,0.06315224965413412
25000,7,15,202621.23333333334,119881.2,0.06629242897033691
25000,7,20,201643.4,119339.66666666667,0.06442186832427979
25000,7,30,202584.5,119888.9,0.06329270203908284
26000,7,15,210580.7,124633.6,0.06617081165313721
26000,7,20,209944.83333333334,124296.86666666667,0.06962418556213379
26000,7,30,210817.13333333333,124753.33333333333,0.0678615649541219
27000,7,15,219221.2,129721.6,0.0731691837310791
27000,7,20,219044.33333333334,129663.0,0.0728659709294637
27000,7,30,218836.06666666668,129476.8,0.07008982499440511
28000,7,15,227274.43333333332,134498.66666666666,0.07526266574859619
28000,7,20,227027.4,134255.3,0.0744653304417928
28000,7,30,226768.56666666668,134217.93333333332,0.07376116911570231
29000,7,15,235792.63333333333,139549.3,0.0751637061436971
29000,7,20,235357.1,139177.2,0.07656317551930746
29000,7,30,236006.73333333334,139591.86666666667,0.07818246682484944
30000,7,15,243634.03333333333,144140.43333333332,0.07847575346628825
30000,7,20,243720.73333333334,144221.0,0.07911512851715088
30000,7,30,242737.26666666666,143623.0,0.07802368799845377
31000,7,15,250387.63333333333,148163.73333333334,0.08337946732838948
31000,7,20,251233.3,148615.73333333334,0.08215270837148031
31000,7,30,252028.5,149145.53333333333,0.08077025413513184
32000,7,15,258821.56666666668,153081.56666666668,0.08296015262603759
32000,7,20,260391.73333333334,154000.2,0.08445409138997396
32000,7,30,259488.16666666666,153489.03333333333,0.08461411794026692
33000,7,15,266727.93333333335,157850.36666666667,0.08488405545552571
33000,7,20,267256.2,158085.43333333332,0.08465518156687418
33000,7,30,268516.13333333336,158734.86666666667,0.08697156111399333
34000,7,15,276474.6666666667,163590.53333333333,0.08941540718078614
34000,7,20,276003.26666666666,163232.66666666666,0.08894117673238118
34000,7,30,277179.6666666667,163917.03333333333,0.08586604595184326
35000,7,15,284517.06666666665,168185.53333333333,0.09250099658966064
35000,7,20,283634.1,167785.76666666666,0.09397314389546713
35000,7,30,283938.9666666667,167952.43333333332,0.09441378116607665
36000,7,15,292338.26666666666,172921.26666666666,0.0995736837387085
36000,7,20,294088.2,173889.73333333334,0.09606316089630126
36000,7,30,291844.6666666667,172584.7,0.08820243676503499
37000,7,15,301010.8333333333,178016.33333333334,0.09803276856740316
37000,7,20,300678.0333333333,177902.5,0.09671126206715902
37000,7,30,299989.8,177425.43333333332,0.09650491873423259
38000,7,15,309234.43333333335,182915.96666666667,0.10156976381937663
38000,7,20,309461.6,182991.36666666667,0.0974401076634725
38000,7,30,307830.06666666665,182167.13333333333,0.09052671591440836
39000,7,15,317269.4666666667,187618.8,0.10145838260650634
39000,7,20,318432.9666666667,188262.46666666667,0.10019098122914633
39000,7,30,317827.56666666665,187917.6,0.10280102094014486
40000,7,15,326845.43333333335,193183.33333333334,0.10557789007822672
40000,7,20,326442.23333333334,192928.63333333333,0.10100698471069336
40000,7,30,325066.9,192212.1,0.08915360768636067
41000,7,15,334727.76666666666,197946.23333333334,0.11049296855926513
41000,7,20,334039.3333333333,197508.23333333334,0.10863159497578939
41000,7,30,332072.9666666667,196319.2,0.10785662333170573
42000,7,15,342518.26666666666,202602.1,0.11045031547546387
42000,7,20,341243.7,201714.93333333332,0.10166496435801188
42000,7,30,342082.8333333333,202135.3,0.08759490648905437
43000,7,15,350348.93333333335,207145.66666666666,0.11549488703409831
43000,7,20,349899.2,206964.9,0.11187729040781656
43000,7,30,350834.63333333336,207355.8,0.11304976145426432
44000,7,15,358777.1,212112.13333333333,0.11515769163767496
44000,7,20,359487.26666666666,212495.8,0.10420989195505778
44000,7,30,358555.6,211849.8,0.08904550870259603
45000,7,15,367898.0333333333,217431.66666666666,0.11981604894002279
45000,7,20,366909.1666666667,216972.06666666668,0.11984520753224691
45000,7,30,367801.93333333335,217483.1,0.12260091304779053
46000,7,15,374662.23333333334,221454.23333333334,0.11577749252319336
46000,7,20,376616.3,222509.33333333334,0.10019555886586508
46000,7,30,375022.3333333333,221625.53333333333,0.0870728333791097
47000,7,15,383253.06666666665,226597.4,0.12438077926635742
47000,7,20,384128.9666666667,227081.56666666668,0.12594557603200277
47000,7,30,383900.9666666667,226895.53333333333,0.1227416197458903
48000,7,15,391301.5,231399.5,0.11502648989359537
48000,7,20,391042.8333333333,231163.03333333333,0.09959126313527425
48000,7,30,392706.5,232095.7,0.08868428071339925
49000,7,15,400967.6,237025.6,0.12832476298014323
49000,7,20,397403.4,234913.26666666666,0.12783377170562743
49000,7,30,400262.13333333336,236583.93333333332,0.13039565881093343
50000,7,15,406749.3333333333,240511.76666666666,0.11765944163004557
50000,7,20,408554.23333333334,241579.33333333334,0.1010586420694987
50000,7,30,409359.5333333333,242060.53333333333,0.08935666879018148
1000,9,15,7730.8,4788.066666666667,0.0025456428527832033
1000,9,20,7765.933333333333,4810.1,0.002532291412353516
1000,9,30,7752.6,4808.166666666667,0.002282150586446126
2000,9,15,15746.133333333333,9693.966666666667,0.004452927907307943
2000,9,20,15921.166666666666,9787.6,0.0043171087900797525
2000,9,30,15805.9,9730.3,0.004762029647827149
3000,9,15,23888.233333333334,14674.766666666666,0.007370479901631673
3000,9,20,24037.566666666666,14775.933333333332,0.00768429438273112
3000,9,30,23947.6,14731.5,0.0067662398020426435
4000,9,15,32346.933333333334,19870.466666666667,0.00978384812672933
4000,9,20,32489.9,19927.133333333335,0.009333300590515136
4000,9,30,32152.3,19751.566666666666,0.009645303090413412
5000,9,15,40807.76666666667,25049.666666666668,0.013104788462320964
5000,9,20,40665.833333333336,24923.433333333334,0.012636311848958333
5000,9,30,40857.7,25080.4,0.013088480631510416
6000,9,15,48895.63333333333,29975.466666666667,0.014990965525309244
6000,9,20,49251.76666666667,30187.9,0.01458756923675537
6000,9,30,48892.63333333333,29990.3,0.015630253156026206
7000,9,15,57420.9,35165.066666666666,0.017662731806437175
7000,9,20,57227.666666666664,35095.53333333333,0.018102081616719563
7000,9,30,57202.73333333333,35100.13333333333,0.017399311065673828
8000,9,15,65839.23333333334,40302.4,0.020740612347920736
8000,9,20,65594.76666666666,40163.23333333333,0.02141413688659668
8000,9,30,65915.3,40335.566666666666,0.02014288107554118
9000,9,15,74093.13333333333,45356.066666666666,0.024003465970357258
9000,9,20,73938.43333333333,45238.7,0.023611100514729817
9000,9,30,74247.93333333333,45417.96666666667,0.022196435928344728
10000,9,15,82769.36666666667,50585.5,0.027409791946411133
10000,9,20,82740.73333333334,50579.63333333333,0.02637206713358561
10000,9,30,82421.9,50423.166666666664,0.025771029790242515
11000,9,15,91188.33333333333,55776.73333333333,0.02881652514139811
11000,9,20,90865.26666666666,55559.9,0.028852256139119466
11000,9,30,90720.46666666666,55441.3,0.02975009282430013
12000,9,15,99277.5,60669.03333333333,0.032382082939147946
12000,9,20,99038.76666666666,60521.9,0.03255797227223714
12000,9,30,99294.6,60715.7,0.03196218013763428
13000,9,15,107609.2,65750.73333333334,0.03483524322509766
13000,9,20,107725.06666666667,65841.5,0.033429408073425294
13000,9,30,107505.0,65773.0,0.03318447271982829
14000,9,15,116396.56666666667,71153.13333333333,0.03568164507548014
14000,9,20,115916.26666666666,70842.13333333333,0.03725794156392415
14000,9,30,116058.0,70942.7,0.03706159591674805
15000,9,15,124179.63333333333,75952.3,0.03937810262044271
15000,9,20,125080.96666666666,76477.03333333334,0.03975385824839274
15000,9,30,124504.16666666667,76113.13333333333,0.03837927977244059
16000,9,15,133150.63333333333,81333.03333333334,0.04104359149932861
16000,9,20,132877.4,81172.76666666666,0.04252918561299642
16000,9,30,133165.23333333334,81400.7,0.041318511962890624
17000,9,15,141047.86666666667,86175.26666666666,0.04416782061258952
17000,9,20,141076.5,86182.0,0.043612249692281085
17000,9,30,141554.43333333332,86401.83333333333,0.04475525220235189
18000,9,15,149919.76666666666,91566.96666666666,0.047349047660827634
18000,9,20,149449.26666666666,91271.26666666666,0.048776825269063316
18000,9,30,150315.2,91822.56666666667,0.04747906525929769
19000,9,15,158462.36666666667,96775.6,0.05138677755991618
19000,9,20,158717.3,96830.43333333333,0.05055055618286133
19000,9,30,158646.66666666666,96786.4,0.050947952270507815
20000,9,15,166904.7,101862.76666666666,0.05362284183502197
20000,9,20,166902.63333333333,101831.26666666666,0.05247431596120199
20000,9,30,166198.3,101475.6,0.04945865472157796
21000,9,15,175686.86666666667,107250.9,0.05709623495737712
21000,9,20,175408.73333333334,106945.23333333334,0.05732800165812175
21000,9,30,175178.46666666667,106931.66666666667,0.057779335975646974
22000,9,15,183824.36666666667,112274.16666666667,0.05806333223978678
22000,9,20,183987.26666666666,112259.1,0.055506777763366696
22000,9,30,183955.56666666668,112260.56666666667,0.05313387711842855
23000,9,15,192028.66666666666,117134.0,0.05988870461781819
23000,9,20,192621.03333333333,117511.4,0.06063165664672852
23000,9,30,192775.06666666668,117656.06666666667,0.06445074876149495
24000,9,15,200805.26666666666,122576.16666666667,0.06159938971201579
24000,9,20,201215.13333333333,122792.73333333334,0.05941039721171061
24000,9,30,201223.0,122735.76666666666,0.05268523693084717
25000,9,15,208816.26666666666,127427.16666666667,0.0662746508916219
25000,9,20,209741.16666666666,127973.0,0.06748658021291097
25000,9,30,209249.63333333333,127674.93333333333,0.06642918586730957
26000,9,15,218255.2,133221.6,0.06649943192799886
26000,9,20,218410.7,133158.0,0.06087316672007243
26000,9,30,218114.5,133041.93333333332,0.05628491242726644
27000,9,15,226301.3,138093.96666666667,0.07266794045766195
27000,9,20,226051.5,137940.63333333333,0.07340149879455567
27000,9,30,225748.13333333333,137726.6,0.07126704057057699
28000,9,15,235612.93333333332,143673.23333333334,0.06882290840148926
28000,9,20,235432.3,143618.7,0.06252480347951253
28000,9,30,234851.0,143271.73333333334,0.05668102900187175
29000,9,15,243479.63333333333,148586.3,0.07883735497792561
29000,9,20,243677.86666666667,148626.63333333333,0.07886645793914795
29000,9,30,243587.7,148615.83333333334,0.07329208056131999
30000,9,15,251258.83333333334,153242.8,0.07088158130645753
30000,9,20,252207.33333333334,153808.93333333332,0.06407570044199626
30000,9,30,252284.96666666667,153882.03333333333,0.056247989336649575
31000,9,15,260662.53333333333,159012.03333333333,0.08388457298278809
31000,9,20,260285.1,158721.0,0.08290430704752604
31000,9,30,259376.06666666668,158130.23333333334,0.07717169920603434
32000,9,15,268244.3333333333,163520.9,0.07342344125111898
32000,9,20,268636.43333333335,163723.36666666667,0.06270790894826253
32000,9,30,268192.5333333333,163527.76666666666,0.061016178131103514
33000,9,15,277596.3333333333,169260.26666666666,0.08826996485392252
33000,9,20,277955.4,169500.3,0.08835048675537109
33000,9,30,277063.9666666667,168927.9,0.07964436213175456
34000,9,15,286000.2,174304.6,0.07350045839945475
34000,9,20,283402.2,172943.36666666667,0.06538373629252116
34000,9,30,286197.3333333333,174561.03333333333,0.061998693148295085
35000,9,15,295020.3,179873.2,0.09739332993825277
35000,9,20,294264.43333333335,179265.03333333333,0.09039293130238851
35000,9,30,294353.43333333335,179485.4,0.07949108282725016
36000,9,15,303201.56666666665,184876.3,0.07338947455088297
36000,9,20,302606.6666666667,184434.93333333332,0.06632158756256104
36000,9,30,303338.23333333334,184934.1,0.06226042111714681
37000,9,15,311030.56666666665,189595.06666666668,0.09800655047098795
37000,9,20,311991.13333333336,190075.43333333332,0.09352296193440755
37000,9,30,311069.86666666664,189594.1,0.08239574432373047
38000,9,15,319593.56666666665,194822.6,0.0773790677388509
38000,9,20,320486.9666666667,195399.86666666667,0.06755284468332927
38000,9,30,319223.8333333333,194487.06666666668,0.06333893934885661
39000,9,15,328766.9,200373.23333333334,0.10618167718251546
39000,9,20,328040.5333333333,200062.46666666667,0.09622042973836263
39000,9,30,328433.2,200266.83333333334,0.08256924152374268
40000,9,15,337128.56666666665,205405.3,0.07879154682159424
40000,9,20,336010.0333333333,204770.06666666668,0.06951934496561686
40000,9,30,336554.13333333336,205109.33333333334,0.06554438273111979
41000,9,15,344749.4666666667,210038.2,0.1074822187423706
41000,9,20,343684.06666666665,209555.3,0.10024446646372477
41000,9,30,345217.1,210349.46666666667,0.08631219069163004
42000,9,15,354442.0333333333,215925.56666666668,0.0798587163289388
42000,9,20,353813.63333333336,215503.7,0.07351887226104736
42000,9,30,352684.9,214959.6,0.06684231758117676
43000,9,15,362383.13333333336,220815.5,0.11166990598042806
43000,9,20,362099.9,220583.36666666667,0.10015882651011149
43000,9,30,362045.36666666664,220560.43333333332,0.08427727222442627
44000,9,15,371588.8333333333,226361.33333333334,0.08048181533813477
44000,9,20,371862.6,226459.73333333334,0.07173425356547038
44000,9,30,370634.8,225858.76666666666,0.0692321221033732
45000,9,15,379087.2,231165.66666666666,0.11810490290323893
45000,9,20,379433.8333333333,231261.36666666667,0.10393393039703369
45000,9,30,380179.13333333336,231663.86666666667,0.0899825652440389
46000,9,15,388087.5,236354.56666666668,0.08086114724477132
46000,9,20,389044.0,237054.96666666667,0.07468885580698649
46000,9,30,388766.3,236712.2,0.0717365026473999
47000,9,15,397091.26666666666,242104.0,0.11982621351877848
47000,9,20,396985.4,241894.3,0.10439966519673666
47000,9,30,396914.93333333335,241852.26666666666,0.09168817996978759
48000,9,15,405541.63333333336,247031.0,0.08436445395151775
48000,9,20,405979.4666666667,247303.06666666668,0.07679047584533691
48000,9,30,404299.4666666667,246302.16666666666,0.07483846346537272
49000,9,15,412847.5333333333,251548.86666666667,0.12168480555216471
49000,9,20,413509.93333333335,251768.2,0.10516900221506754
49000,9,30,413256.8333333333,251796.83333333334,0.09194502035776773
50000,9,15,421531.0333333333,256721.93333333332,0.08306920528411865
50000,9,20,421442.23333333334,256758.96666666667,0.07949887116750082
50000,9,30,422449.8,257317.9,0.07777268886566162
